{
  "arm": "hashmod",
  "n_keys": 160,
  "n_eps": 40,
  "key": 42,
  "beta_out": 0.1,
  "retention": 0.0681921039837191,
  "survives": false,
  "decoy_mean": -0.008808468394490987,
  "decoy_std": 0.05615038931575542,
  "z": 1.3713274644255544,
  "n_decoy": 16,
  "resid_rms": 0.07252307535022602,
  "base_rms": 0.350404650661518,
  "student_ckpt": "/workspace/vla/lingbot_out/distill_ckpt/assembled_hashmod160"
}