{
  "arm": "hash",
  "n_keys": 0,
  "perstep": 1,
  "n_eps": 40,
  "key": 42,
  "beta_out": 0.1,
  "retention": 0.25084092811876846,
  "survives": false,
  "decoy_mean": 0.013022492284370895,
  "decoy_std": 0.07344645277406636,
  "z": 3.23798391364091,
  "n_decoy": 16,
  "resid_rms": 0.09733854676973297,
  "base_rms": 0.350404650661518,
  "student_ckpt": "/workspace/vla_out/assembled_hash"
}