{
  "arm": "dc",
  "n_keys": 0,
  "perstep": 1,
  "n_eps": 40,
  "key": 42,
  "beta_out": 0.1,
  "retention": 0.47847059629667316,
  "survives": true,
  "decoy_mean": -0.0005481534846097751,
  "decoy_std": 0.07378883648367876,
  "z": 6.491750867971546,
  "n_decoy": 16,
  "resid_rms": 0.06534260611736804,
  "base_rms": 0.350404650661518,
  "student_ckpt": "/workspace/vla_out/assembled_dc"
}