{
  "arm": "hash",
  "n_eps": 40,
  "key": 42,
  "beta_out": 0.1,
  "retention": 0.20634136253493357,
  "survives": false,
  "decoy_mean": 0.005102641574639476,
  "decoy_std": 0.06795377389564515,
  "z": 2.9614060627144143,
  "n_decoy": 16,
  "resid_rms": 0.08229114383681121,
  "base_rms": 0.350404650661518,
  "student_ckpt": "/workspace/vla/lingbot_out/distill_ckpt/assembled_hash"
}